Algorithm,Num_Points,Runtime,Runtime_per_Iter,Runtime_speedup,Distances,Dist_speed_up,Timeout
Kmeans-d,1000000,3,0.073171,21.666666,51967710,4.718715,no
Ball-Kmeans,1000000,65,1.585366,1,245220807,1,no
Kmeans-d,3000000,7,0.291667,57.42857,104350970,4.589242,no
Ball-Kmeans,3000000,402,15.461538,1,478891843,1,no
Kmeans-d,5000000,18,0.461538,61.666668,248481845,6.151003,no
Ball-Kmeans,5000000,1110,22.653061,1,1528412633,1,no
Kmeans-d,8000000,18,0.75,303.555542,282389569,7.183143,no
Ball-Kmeans,8000000,5464,133.268295,1,2028444509,1,yes